{
  "model": "Final best model (Focal gamma=1, WD=0.0001, LR=0.001, ctx=1, TTA)",
  "metric_note": "Embedding-level CV \u2014 not comparable to Kaggle soundscape inference",
  "epochs": 5,
  "folds": {
    "0": {
      "train_loss": [
        0.9024453502128642,
        0.6895735789430747,
        0.6401581674091702,
        0.6132752812555508,
        0.5965282024137878
      ],
      "val_loss": [
        1.3340947494986144,
        1.3392068775728747,
        1.3528828211596629,
        1.3658845303960923,
        1.3328981392550658
      ],
      "val_auc": [
        0.975412357899543,
        0.9751923800565224,
        0.9761840678148035,
        0.9774550449259137,
        0.9777631913092326
      ]
    },
    "1": {
      "train_loss": [
        0.8970841079391942,
        0.6850814261961441,
        0.6261889336924318,
        0.5957326499711215,
        0.5778471316903433
      ],
      "val_loss": [
        1.3449192400583527,
        1.3379769190011856,
        1.3395677668503438,
        1.3472011719435946,
        1.3335719683431866
      ],
      "val_auc": [
        0.9753982446762187,
        0.9764862962138775,
        0.9765817576580519,
        0.9767305456120045,
        0.9760674059504157
      ]
    },
    "2": {
      "train_loss": [
        0.8991356738766686,
        0.6848722541697504,
        0.6386570637913349,
        0.6113319070543003,
        0.5911102562793803
      ],
      "val_loss": [
        1.3091290881290545,
        1.3248487557022441,
        1.3138947412806765,
        1.3482244899534042,
        1.3318672342741307
      ],
      "val_auc": [
        0.975987107864037,
        0.9764419992852608,
        0.975577518543947,
        0.9729766826987152,
        0.9750247581240304
      ]
    },
    "3": {
      "train_loss": [
        0.895568071675967,
        0.6834595818141973,
        0.6355827919352128,
        0.6055715701698979,
        0.5845245927086343
      ],
      "val_loss": [
        1.3562867208402356,
        1.3658951701445141,
        1.3589068197376317,
        1.3803152296545502,
        1.352058534382738
      ],
      "val_auc": [
        0.9773187988664427,
        0.9763565747986055,
        0.9766730655819575,
        0.9750669116249907,
        0.9765784154449881
      ]
    },
    "4": {
      "train_loss": [
        0.9029162473352832,
        0.6849498460843227,
        0.6370916420189792,
        0.6150284943423314,
        0.5944007637829674
      ],
      "val_loss": [
        1.3050952861463483,
        1.3174485569536343,
        1.3334588555443598,
        1.339460328766254,
        1.331602107732047
      ],
      "val_auc": [
        0.9773740851095419,
        0.9762850375055113,
        0.9763981756483802,
        0.9769336402648549,
        0.9767584274692199
      ]
    }
  }
}